{"stats":{"minecraft:custom":{"minecraft:blood":0,"minecraft:mob_kills":53,"minecraft:dexterity":7,"minecraft:interact_with_crafting_table":13,"minecraft:open_barrel":7,"minecraft:damage_dealt_resisted":194,"minecraft:leave_game":2,"minecraft:time_since_death":25569,"minecraft:climb_one_cm":1733,"minecraft:mana":180,"minecraft:magic_shield":0,"minecraft:sprint_one_cm":176971,"minecraft:walk_one_cm":287218,"minecraft:damage_blocked_by_shield":32,"minecraft:drop":15,"minecraft:health":234,"minecraft:play_noteblock":1,"minecraft:play_time":127078,"minecraft:deaths":4,"minecraft:sneak_time":16422,"minecraft:walk_under_water_one_cm":4950,"minecraft:interact_with_lectern":1,"minecraft:jump":1714,"minecraft:energy":160,"minecraft:interact_with_blast_furnace":2,"minecraft:walk_on_water_one_cm":5761,"minecraft:total_world_time":127078,"minecraft:interact_with_furnace":14,"minecraft:intelligence":9,"minecraft:move_speed":0,"minecraft:sleep_in_bed":2,"minecraft:levels_gained":5,"minecraft:time_since_rest":25701,"minecraft:damage_taken":4220,"minecraft:damage_absorbed":39,"minecraft:damage_dealt":8363,"minecraft:swim_one_cm":7680,"minecraft:fly_one_cm":279266,"minecraft:open_chest":79,"minecraft:crouch_one_cm":44981,"minecraft:strength":18,"minecraft:fall_one_cm":55550},"minecraft:broken":{"minecraft:leather_helmet":1},"minecraft:dropped":{"minecraft:golden_boots":1,"minecraft:bread":21,"mmorpg:skill_gems/support/str":1,"mmorpg:offhand/dodge/iron":2,"minecraft:glass_bottle":9,"minecraft:stick":1,"minecraft:potion":1,"minecraft:phantom_membrane":3,"minecraft:chiseled_stone_bricks":1,"minecraft:shield":1,"mmorpg:gems/garnet/0":1,"minecraft:golden_leggings":1,"minecraft:stone_bricks":2},"minecraft:killed":{"minecraft:cave_spider":3,"pots_and_mimics:pot_crab":1,"minecraft:spider":2,"enemyexpansion:direwolf":1,"minecraft:skeleton":23,"minecraft:silverfish":1,"minecraft:husk":1,"minecraft:pig":4,"minecraft:creeper":1,"minecraft:sheep":3,"minecraft:pillager":1,"minecraft:zombie":4,"minecraft:stray":1,"minecraft:cow":3},"minecraft:killed_by":{"enemyexpansion:direwolf":1},"minecraft:mined":{"minecraft:white_bed":1,"iceandfire:silver_ore":9,"minecraft:mossy_cobblestone":1,"minecraft:glow_lichen":1,"minecraft:grass_block":11,"minecraft:redstone_wire":1,"meds_and_herbs:wild_belladonna":1,"minecraft:spruce_leaves":68,"minecraft:hay_block":14,"minecraft:chiseled_stone_bricks":1,"minecraft:spawner":5,"minecraft:large_fern":1,"minecraft:smooth_stone":2,"minecraft:furnace":1,"minecraft:iron_ore":21,"minecraft:andesite":1,"ars_nouveau:red_archwood_log":16,"minecraft:cobblestone_slab":31,"minecraft:vine":10,"minecraft:lantern":1,"realmrpg_skeletons:arrow_skeleton":1,"minecraft:stone":60,"minecraft:white_wool":1,"travelersbackpack:sheep":1,"minecraft:crafting_table":2,"minecraft:blast_furnace":2,"minecraft:oak_wood":5,"minecraft:calcite":3,"minecraft:chest":1,"minecraft:white_stained_glass_pane":2,"minecraft:copper_ore":1,"minecraft:cobblestone":8,"minecraft:wall_torch":1,"minecraft:amethyst_block":3,"minecraft:white_terracotta":15,"minecraft:light_blue_terracotta":18,"minecraft:sweet_berry_bush":16,"minecraft:spruce_log":37,"minecraft:birch_leaves":1,"minecraft:yellow_stained_glass_pane":2,"minecraft:grass":12,"minecraft:oak_log":22,"minecraft:coal_ore":68,"minecraft:dirt":14,"minecraft:cracked_stone_bricks":2,"minecraft:smooth_basalt":2,"minecraft:stone_bricks":3,"minecraft:mossy_stone_bricks":2,"pots_and_mimics:treasure_pot":3,"minecraft:oak_leaves":1,"minecraft:fern":1},"minecraft:crafted":{"minecraft:oak_planks":20,"minecraft:cobblestone_slab":54,"minecraft:furnace":2,"minecraft:cooked_mutton":2,"minecraft:bow":1,"minecraft:stone_pickaxe":1,"minecraft:chest":3,"minecraft:wheat":126,"minecraft:cooked_porkchop":2,"minecraft:crafting_table":2,"minecraft:spruce_planks":112,"minecraft:wooden_pickaxe":1,"minecraft:stone_axe":1,"minecraft:bread":42,"minecraft:air":0,"minecraft:white_wool":5,"minecraft:stick":16,"minecraft:iron_ingot":3,"minecraft:white_bed":1,"minecraft:torch":28},"minecraft:picked_up":{"minecraft:iron_chestplate":1,"ars_nouveau:red_archwood_log":9,"minecraft:crafting_table":2,"minecraft:leather_leggings":3,"mmorpg:jewelry/ring/iron":1,"minecraft:potion":2,"minecraft:diamond_horse_armor":1,"minecraft:stone_brick_stairs":1,"minecraft:shield":5,"minecraft:amethyst_block":2,"minecraft:string":6,"minecraft:raw_copper":3,"minecraft:iron_leggings":2,"minecraft:iron_shovel":1,"meds_and_herbs:seeds_belladonna":1,"minecraft:cracked_stone_bricks":3,"minecraft:smooth_stone":2,"minecraft:spruce_planks":76,"minecraft:beef":7,"meds_and_herbs:belladonna_berry":1,"minecraft:cobblestone_slab":35,"minecraft:calcite":2,"minecraft:iron_pickaxe":2,"minecraft:chest":1,"mmorpg:offhand/tome/iron":1,"minecraft:furnace":1,"minecraft:iron_boots":3,"minecraft:stick":6,"mmorpg:skill_gems/support/dex":1,"mmorpg:material/mining/0":2,"minecraft:raw_iron":27,"minecraft:torch":23,"minecraft:porkchop":8,"mmorpg:currency/affix_tier_up_down":1,"mmorpg:jewelry/necklace/iron":1,"minecraft:golden_chestplate":1,"minecraft:rotten_flesh":7,"minecraft:arrow":61,"minecraft:hay_block":14,"minecraft:white_terracotta":14,"minecraft:mutton":3,"minecraft:iron_bars":2,"minecraft:white_wool":3,"minecraft:cobblestone":172,"minecraft:feather":2,"minecraft:clock":1,"minecraft:lilac":1,"minecraft:andesite":1,"minecraft:leather":3,"minecraft:potato":3,"minecraft:flint":1,"minecraft:oak_log":19,"roost:roost_shank":2,"minecraft:chainmail_chestplate":1,"minecraft:golden_boots":2,"minecraft:gunpowder":2,"skilltree:gem":19,"minecraft:dirt":24,"minecraft:lantern":1,"travelersbackpack:sheep":1,"minecraft:bone":63,"minecraft:stone_bricks":8,"minecraft:apple":2,"minecraft:bow":6,"minecraft:wheat_seeds":1,"minecraft:iron_ingot":3,"minecraft:mossy_stone_bricks":6,"minecraft:glass_bottle":4,"meds_and_herbs:belladonna_leaves":2,"minecraft:iron_sword":4,"mmorpg:skill_gems/support/str":2,"minecraft:smooth_basalt":2,"minecraft:sweet_berries":26,"minecraft:chiseled_stone_bricks":1,"minecraft:blast_furnace":2,"mmorpg:weapon/staff/wood":2,"minecraft:white_bed":1,"minecraft:spruce_log":31,"minecraft:spider_eye":11,"minecraft:leather_helmet":2,"minecraft:mossy_cobblestone":1,"minecraft:oak_wood":5,"mmorpg:gems/garnet/0":1,"minecraft:light_blue_terracotta":15,"minecraft:stone_axe":1,"minecraft:painting":1,"minecraft:iron_helmet":1,"minecraft:crossbow":1,"minecraft:golden_apple":1,"minecraft:mossy_cobblestone_stairs":1,"minecraft:emerald":1,"minecraft:baked_potato":2,"minecraft:coal":92,"mmorpg:offhand/dodge/iron":5,"iceandfire:raw_silver":10,"minecraft:sunflower":1,"minecraft:ender_pearl":1},"minecraft:used":{"minecraft:light_blue_terracotta":8,"minecraft:chest":4,"minecraft:spruce_planks":6,"minecraft:shield":4,"minecraft:white_terracotta":1,"minecraft:iron_sword":251,"meds_and_herbs:belladonna_berry":1,"minecraft:torch":71,"minecraft:dirt":24,"minecraft:lantern":5,"minecraft:iron_helmet":1,"minecraft:bow":18,"minecraft:sweet_berries":26,"minecraft:furnace":3,"minecraft:golden_boots":3,"minecraft:cooked_mutton":2,"minecraft:mossy_stone_bricks":45,"minecraft:stone_pickaxe":50,"minecraft:wooden_pickaxe":8,"minecraft:cobblestone_slab":48,"minecraft:cracked_stone_bricks":1,"minecraft:white_wool":1,"minecraft:golden_apple":1,"minecraft:crafting_table":4,"minecraft:white_bed":2,"minecraft:spruce_log":3,"minecraft:oak_log":4,"minecraft:iron_pickaxe":210,"minecraft:stone_axe":94,"minecraft:cobblestone":73,"minecraft:potion":2,"minecraft:andesite":1}},"DataVersion":3465}