{"stats":{"minecraft:custom":{"minecraft:blood":0,"minecraft:mob_kills":124,"minecraft:dexterity":9,"minecraft:interact_with_crafting_table":18,"minecraft:open_barrel":7,"minecraft:damage_dealt_resisted":50,"minecraft:leave_game":7,"minecraft:time_since_death":25707,"minecraft:climb_one_cm":3369,"minecraft:mana":300,"minecraft:magic_shield":0,"minecraft:sprint_one_cm":637833,"minecraft:walk_one_cm":322965,"minecraft:drop":56,"minecraft:health":235,"minecraft:play_noteblock":3,"minecraft:play_time":178200,"minecraft:sneak_time":18033,"minecraft:deaths":5,"minecraft:walk_under_water_one_cm":3758,"minecraft:interact_with_lectern":1,"minecraft:jump":3715,"minecraft:energy":220,"minecraft:interact_with_blast_furnace":1,"minecraft:walk_on_water_one_cm":9299,"minecraft:total_world_time":178200,"minecraft:interact_with_furnace":1,"minecraft:intelligence":17,"minecraft:move_speed":0,"minecraft:tune_noteblock":2,"minecraft:sleep_in_bed":4,"minecraft:levels_gained":9,"minecraft:time_since_rest":23130,"minecraft:damage_taken":7077,"minecraft:damage_absorbed":240,"minecraft:trigger_trapped_chest":1,"minecraft:damage_dealt":15306,"minecraft:swim_one_cm":1795,"minecraft:fly_one_cm":643698,"minecraft:open_chest":140,"minecraft:crouch_one_cm":80078,"minecraft:strength":17,"minecraft:fall_one_cm":109974},"minecraft:broken":{"minecraft:leather_leggings":1,"minecraft:stone_pickaxe":1},"minecraft:dropped":{"mmorpg:skill_gems/support/str":2,"mmorpg:offhand/dodge/iron":1,"minecraft:iron_helmet":4,"minecraft:cobblestone":50,"iceandfire:ectoplasm":1,"mmorpg:weapon/staff/wood":2,"minecraft:cobweb":3,"ars_nouveau:worn_notebook":1,"minecraft:map":3,"minecraft:iron_leggings":2,"minecraft:sunflower":1,"minecraft:iron_pickaxe":1,"minecraft:smooth_stone":1,"minecraft:string":1,"ars_nouveau:wilden_horn":2,"minecraft:bone":3,"mmorpg:rare_mats/mining/lesser":1,"minecraft:golden_chestplate":1,"minecraft:stone_sword":1,"minecraft:rotten_flesh":33,"minecraft:white_terracotta":2,"minecraft:chiseled_stone_bricks":1,"minecraft:tipped_arrow":1,"minecraft:shield":3,"minecraft:sea_pickle":2,"minecraft:diamond_chestplate":1,"mmorpg:offhand/tome/iron":1,"minecraft:iron_chestplate":1,"minecraft:leather_boots":1,"minecraft:oak_sapling":1,"roost:roost_shank":2,"minecraft:stone_pressure_plate":1,"minecraft:spider_eye":4,"minecraft:red_nether_bricks":1,"minecraft:bow":4,"minecraft:light_blue_terracotta":2,"ars_nouveau:wixie_shards":1},"minecraft:killed":{"roost:roost_rider":1,"enemyexpansion:intruder":1,"minecraft:vindicator":1,"minecraft:spider":12,"minecraft:skeleton":36,"enemyexpansion:faller":1,"realmrpg_demons:chort":2,"minecraft:husk":4,"minecraft:pig":1,"enemyexpansion:troll":1,"minecraft:creeper":1,"enemyexpansion:crawler":1,"minecraft:sheep":8,"minecraft:pillager":2,"iceandfire:ghost":2,"minecraft:zombie":26,"enemyexpansion:vampire":2,"ars_nouveau:whirlisprig":1,"enemyexpansion:huntsman":1,"minecraft:stray":9,"enemyexpansion:slugger":1},"minecraft:killed_by":{"enemyexpansion:huntsman":1,"iceandfire:ghost":1},"minecraft:mined":{"minecraft:spruce_planks":1,"minecraft:white_bed":1,"iceandfire:silver_ore":2,"minecraft:deepslate_diamond_ore":1,"minecraft:red_nether_bricks":1,"meds_and_herbs:plantago":1,"minecraft:grass_block":4,"minecraft:spruce_leaves":2,"minecraft:spawner":24,"minecraft:large_fern":8,"minecraft:mossy_cobblestone_stairs":1,"minecraft:iron_ore":3,"minecraft:snow":2,"minecraft:andesite":7,"minecraft:pumpkin":2,"minecraft:azure_bluet":1,"minecraft:nether_brick_stairs":1,"minecraft:sculk_shrieker":2,"realmrpg_skeletons:rookie_skeleton":1,"ars_nouveau:red_archwood_log":18,"minecraft:cobblestone_slab":2,"minecraft:vine":2,"minecraft:iron_bars":8,"minecraft:stone":146,"minecraft:snow_block":8,"minecraft:powder_snow":4,"minecraft:crafting_table":7,"minecraft:torch":1,"minecraft:oak_wood":3,"minecraft:poppy":1,"minecraft:sculk_sensor":1,"minecraft:tall_grass":13,"minecraft:cobblestone":12,"minecraft:oak_planks":1,"minecraft:white_terracotta":9,"minecraft:light_blue_terracotta":13,"minecraft:coarse_dirt":1,"minecraft:sea_pickle":1,"realmrpg_skeletons:webbed_skeleton":1,"minecraft:wheat":5,"minecraft:sweet_berry_bush":8,"minecraft:lilac":1,"minecraft:gray_bed":1,"minecraft:spruce_log":1,"minecraft:stone_brick_stairs":1,"minecraft:grass":131,"minecraft:oak_log":30,"minecraft:coal_ore":23,"minecraft:sunflower":3,"minecraft:gravel":10,"minecraft:dirt":3,"minecraft:cracked_stone_bricks":3,"minecraft:tripwire_hook":4,"minecraft:stone_bricks":3,"pots_and_mimics:treasure_pot":1,"minecraft:mossy_stone_bricks":3,"minecraft:oak_leaves":8,"minecraft:deepslate":1,"minecraft:fern":8},"minecraft:crafted":{"minecraft:oak_planks":120,"minecraft:cobblestone_slab":66,"ars_nouveau:archwood_planks":100,"minecraft:stone_pickaxe":2,"minecraft:chest":2,"minecraft:crafting_table":2,"minecraft:wooden_pickaxe":1,"minecraft:stone_axe":1,"minecraft:bread":1,"minecraft:stick":12,"minecraft:wooden_axe":1,"minecraft:white_bed":1},"minecraft:picked_up":{"ars_nouveau:red_archwood_log":25,"minecraft:coarse_dirt":1,"minecraft:crafting_table":7,"mmorpg:currency/orb_of_quality":1,"minecraft:wheat":6,"minecraft:leather_leggings":1,"mmorpg:jewelry/ring/iron":2,"minecraft:potion":1,"minecraft:enchanted_book":1,"minecraft:stone_brick_stairs":1,"minecraft:shield":3,"minecraft:string":10,"minecraft:raw_copper":3,"minecraft:red_nether_bricks":1,"minecraft:iron_leggings":4,"minecraft:sea_pickle":2,"minecraft:cracked_stone_bricks":2,"minecraft:smooth_stone":3,"bosses_of_mass_destruction:soul_star":1,"minecraft:bucket":1,"minecraft:spruce_planks":3,"minecraft:deepslate_diamond_ore":1,"minecraft:beef":7,"meds_and_herbs:belladonna_berry":1,"meds_and_herbs:plantago_leaves":2,"minecraft:cobblestone_slab":7,"minecraft:iron_nugget":5,"minecraft:poppy":1,"mmorpg:offhand/tome/iron":2,"minecraft:iron_boots":1,"minecraft:tipped_arrow":2,"mmorpg:skill_gems/support/dex":1,"minecraft:stick":2,"minecraft:raw_iron":7,"minecraft:torch":9,"minecraft:porkchop":7,"mmorpg:jewelry/necklace/iron":1,"minecraft:redstone":1,"minecraft:golden_chestplate":2,"minecraft:stone_pressure_plate":1,"ars_nouveau:wixie_shards":1,"minecraft:stone_sword":1,"minecraft:arrow":64,"minecraft:rotten_flesh":46,"minecraft:diamond_chestplate":1,"ars_nouveau:worn_notebook":1,"minecraft:white_terracotta":15,"ars_nouveau:sourceberry_bush":2,"minecraft:mutton":10,"minecraft:iron_bars":2,"minecraft:snowball":34,"minecraft:white_wool":8,"minecraft:cobblestone":176,"minecraft:clock":1,"minecraft:feather":2,"minecraft:tripwire_hook":4,"minecraft:andesite":7,"minecraft:leather":3,"mmorpg:gems/azurite/0":1,"minecraft:flint":2,"minecraft:oak_log":35,"roost:roost_shank":4,"iceandfire:ectoplasm":2,"minecraft:golden_boots":1,"minecraft:gunpowder":11,"minecraft:dirt":7,"minecraft:map":3,"skilltree:gem":6,"minecraft:paper":3,"travelersbackpack:sheep":1,"minecraft:name_tag":1,"mmorpg:currency/jewel_corrupt":1,"minecraft:bone":45,"minecraft:stone_bricks":7,"minecraft:bow":11,"ars_nouveau:source_gem":3,"minecraft:wheat_seeds":29,"minecraft:iron_ingot":3,"minecraft:stone_pickaxe":1,"minecraft:cobweb":3,"minecraft:mossy_stone_bricks":3,"minecraft:diamond_helmet":1,"minecraft:gray_bed":1,"meds_and_herbs:belladonna_leaves":2,"minecraft:iron_sword":3,"minecraft:oak_planks":1,"mmorpg:skill_gems/support/str":4,"roost:grub":1,"minecraft:pumpkin":2,"minecraft:sweet_berries":25,"minecraft:chiseled_stone_bricks":2,"ars_nouveau:music_disc_aria_biblio":1,"minecraft:gravel":9,"mmorpg:stat_soul":1,"minecraft:white_bed":1,"minecraft:nether_brick_stairs":2,"mmorpg:weapon/staff/wood":5,"minecraft:spruce_log":26,"minecraft:spider_eye":14,"ars_nouveau:wilden_horn":2,"minecraft:oak_wood":4,"minecraft:light_blue_terracotta":20,"minecraft:stone_axe":1,"minecraft:iron_helmet":4,"mmorpg:rare_mats/mining/lesser":2,"minecraft:bread":21,"minecraft:mossy_cobblestone_stairs":1,"minecraft:emerald":6,"minecraft:chainmail_helmet":1,"minecraft:oak_sapling":2,"minecraft:black_wool":1,"minecraft:coal":36,"mmorpg:offhand/dodge/iron":2,"iceandfire:raw_silver":3,"minecraft:sunflower":3,"minecraft:ender_pearl":1},"minecraft:used":{"minecraft:stone_sword":46,"minecraft:stone_shovel":19,"minecraft:poppy":1,"minecraft:light_blue_terracotta":10,"minecraft:chest":2,"minecraft:spruce_planks":1,"minecraft:shield":1,"minecraft:iron_sword":343,"minecraft:rotten_flesh":6,"minecraft:iron_chestplate":6,"minecraft:torch":3,"minecraft:dirt":2,"minecraft:mutton":10,"minecraft:carrot":5,"minecraft:milk_bucket":1,"minecraft:wooden_axe":5,"minecraft:iron_helmet":3,"minecraft:bow":8,"minecraft:sweet_berries":13,"minecraft:oak_sapling":1,"minecraft:gray_bed":1,"minecraft:pumpkin":2,"minecraft:iron_leggings":1,"travelersbackpack:sheep":1,"minecraft:wheat_seeds":5,"minecraft:water_bucket":2,"minecraft:baked_potato":6,"minecraft:stone_pickaxe":150,"minecraft:oak_planks":1,"minecraft:ender_pearl":2,"minecraft:wooden_pickaxe":3,"minecraft:cobblestone_slab":30,"minecraft:cracked_stone_bricks":2,"minecraft:golden_apple":6,"minecraft:crafting_table":8,"ars_nouveau:archwood_planks":6,"minecraft:crossbow":15,"minecraft:white_bed":1,"minecraft:spruce_log":1,"minecraft:oak_log":3,"minecraft:iron_pickaxe":123,"minecraft:bread":4,"minecraft:gravel":9,"minecraft:chiseled_stone_bricks":1,"minecraft:stone_axe":88,"minecraft:cobblestone":56,"minecraft:porkchop":1,"minecraft:andesite":7,"minecraft:bucket":3,"minecraft:coarse_dirt":1,"minecraft:smooth_stone":1}},"DataVersion":3465}