{"stats":{"minecraft:custom":{"minecraft:time_since_rest":29757,"minecraft:blood":0,"minecraft:magic_shield":0,"minecraft:interact_with_furnace":7,"minecraft:sprint_one_cm":46830,"minecraft:damage_taken":739,"minecraft:walk_one_cm":107967,"minecraft:mob_kills":5,"minecraft:dexterity":1,"minecraft:intelligence":0,"minecraft:damage_dealt":1034,"minecraft:health":75,"minecraft:move_speed":0,"minecraft:interact_with_crafting_table":4,"minecraft:fly_one_cm":18365,"minecraft:crouch_one_cm":825,"minecraft:play_time":29757,"minecraft:sneak_time":434,"minecraft:jump":346,"minecraft:energy":60,"minecraft:leave_game":1,"minecraft:walk_on_water_one_cm":2633,"minecraft:time_since_death":29757,"minecraft:strength":1,"minecraft:total_world_time":29757,"minecraft:fall_one_cm":3473,"minecraft:mana":50},"minecraft:killed":{"minecraft:sheep":1,"iceandfire:ghost":1,"minecraft:spider":2,"minecraft:cow":1},"minecraft:mined":{"minecraft:furnace":1,"iceandfire:silver_ore":5,"minecraft:iron_ore":12,"minecraft:andesite":3,"minecraft:crafting_table":1,"minecraft:grass":41,"minecraft:grass_block":3,"minecraft:coal_ore":65,"minecraft:oak_log":20,"minecraft:dirt":4,"minecraft:tall_grass":10,"minecraft:copper_ore":4,"minecraft:stone":38,"minecraft:oak_leaves":3},"minecraft:crafted":{"minecraft:oak_planks":44,"minecraft:shield":1,"minecraft:crafting_table":1,"minecraft:iron_ingot":12,"minecraft:stone_pickaxe":1,"minecraft:furnace":1,"minecraft:air":0,"minecraft:cooked_mutton":2},"minecraft:picked_up":{"minecraft:crafting_table":1,"minecraft:stick":2,"minecraft:raw_iron":12,"minecraft:andesite":3,"minecraft:leather":2,"minecraft:oak_log":20,"iceandfire:ectoplasm":1,"skilltree:gem":11,"minecraft:dirt":7,"minecraft:string":3,"minecraft:raw_copper":15,"minecraft:bone":1,"minecraft:wheat_seeds":4,"minecraft:beef":2,"mmorpg:rare_mats/mining/lesser":1,"mmorpg:offhand/tome/iron":1,"minecraft:mutton":2,"minecraft:white_wool":1,"minecraft:coal":65,"iceandfire:raw_silver":5,"minecraft:cobblestone":37,"minecraft:furnace":1},"minecraft:used":{"minecraft:cooked_mutton":2,"minecraft:stone_sword":7,"minecraft:stone_shovel":4,"minecraft:stone_pickaxe":128,"minecraft:iron_sword":24,"minecraft:stone_axe":24,"minecraft:crafting_table":1,"minecraft:furnace":1,"minecraft:andesite":3}},"DataVersion":3465}