{"stats":{"minecraft:killed":{"minecraft:spider":2},"minecraft:picked_up":{"minecraft:stick":2,"minecraft:bone":1,"minecraft:wheat_seeds":2,"mmorpg:rare_mats/mining/lesser":1,"minecraft:oak_log":15,"mmorpg:offhand/tome/iron":1,"skilltree:gem":6,"minecraft:coal":46,"minecraft:string":3,"iceandfire:raw_silver":5,"minecraft:cobblestone":28},"minecraft:custom":{"minecraft:magic_shield":0,"minecraft:time_since_rest":8482,"minecraft:blood":0,"minecraft:play_time":8482,"minecraft:crouch_one_cm":10,"minecraft:sprint_one_cm":17511,"minecraft:damage_taken":216,"minecraft:walk_one_cm":38444,"minecraft:sneak_time":6,"minecraft:mob_kills":2,"minecraft:dexterity":0,"minecraft:jump":110,"minecraft:intelligence":0,"minecraft:energy":50,"minecraft:damage_dealt":202,"minecraft:time_since_death":8482,"minecraft:health":70,"minecraft:move_speed":0,"minecraft:walk_on_water_one_cm":999,"minecraft:strength":0,"minecraft:total_world_time":8482,"minecraft:mana":50,"minecraft:fly_one_cm":6721,"minecraft:fall_one_cm":954},"minecraft:used":{"minecraft:stone_axe":18,"minecraft:stone_sword":7,"minecraft:stone_pickaxe":79},"minecraft:mined":{"minecraft:grass":35,"minecraft:oak_log":15,"minecraft:coal_ore":46,"iceandfire:silver_ore":5,"minecraft:tall_grass":1,"minecraft:stone":28,"minecraft:oak_leaves":3}},"DataVersion":3465}