{"stats":{"minecraft:killed":{"minecraft:spider":2},"minecraft:picked_up":{"minecraft:stick":2,"minecraft:bone":1,"minecraft:wheat_seeds":2,"mmorpg:rare_mats/mining/lesser":1,"minecraft:oak_log":15,"iceandfire:raw_silver":1,"mmorpg:offhand/tome/iron":1,"skilltree:gem":6,"minecraft:coal":46,"minecraft:string":3,"minecraft:cobblestone":24},"minecraft:used":{"minecraft:stone_axe":18,"minecraft:stone_sword":7,"minecraft:stone_pickaxe":71},"minecraft:custom":{"minecraft:time_since_rest":7487,"minecraft:blood":0,"minecraft:magic_shield":0,"minecraft:crouch_one_cm":10,"minecraft:play_time":7487,"minecraft:sprint_one_cm":17511,"minecraft:damage_taken":202,"minecraft:walk_one_cm":32701,"minecraft:sneak_time":3,"minecraft:mob_kills":2,"minecraft:dexterity":0,"minecraft:jump":100,"minecraft:intelligence":0,"minecraft:energy":50,"minecraft:damage_dealt":202,"minecraft:walk_on_water_one_cm":999,"minecraft:health":70,"minecraft:time_since_death":7487,"minecraft:move_speed":0,"minecraft:strength":0,"minecraft:total_world_time":7487,"minecraft:mana":50,"minecraft:fall_one_cm":954,"minecraft:fly_one_cm":6681},"minecraft:mined":{"minecraft:coal_ore":46,"minecraft:grass":35,"minecraft:oak_log":15,"iceandfire:silver_ore":1,"minecraft:tall_grass":1,"minecraft:stone":24,"minecraft:oak_leaves":3}},"DataVersion":3465}