{"stats":{"minecraft:killed":{"roost:roost_rider":1},"minecraft:picked_up":{"roost:roost_feather":2,"minecraft:wheat_seeds":1,"roost:roost_shank":1,"minecraft:mangrove_roots":1,"minecraft:emerald":1,"minecraft:dirt":3},"minecraft:used":{"minecraft:dirt":3,"minecraft:mangrove_roots":1,"enemyexpansion:crawler_spawn_egg":1},"minecraft:dropped":{"enemyexpansion:crawler_spawn_egg":1,"minecraft:wheat_seeds":1,"relda:norman_gear_helmet":1},"minecraft:custom":{"minecraft:open_chest":3,"minecraft:time_since_rest":36961,"minecraft:blood":0,"minecraft:magic_shield":0,"minecraft:crouch_one_cm":745,"minecraft:play_time":36961,"minecraft:sprint_one_cm":14650,"minecraft:damage_taken":99,"minecraft:walk_one_cm":20906,"minecraft:sneak_time":884,"minecraft:mob_kills":1,"minecraft:drop":3,"minecraft:dexterity":0,"minecraft:jump":130,"minecraft:intelligence":2,"minecraft:energy":50,"minecraft:leave_game":1,"minecraft:damage_dealt":601,"minecraft:health":70,"minecraft:time_since_death":36961,"minecraft:move_speed":0,"minecraft:strength":0,"minecraft:climb_one_cm":315,"minecraft:total_world_time":36961,"minecraft:interact_with_cartography_table":1,"minecraft:mana":70,"minecraft:fall_one_cm":4259,"minecraft:fly_one_cm":301522},"minecraft:mined":{"minecraft:large_fern":1,"minecraft:grass":3,"minecraft:grass_block":3,"minecraft:spruce_leaves":1,"minecraft:mangrove_roots":1}},"DataVersion":3465}