{"stats":{"minecraft:custom":{"minecraft:time_since_rest":99517,"minecraft:blood":0,"minecraft:magic_shield":0,"minecraft:sprint_one_cm":47299,"minecraft:damage_taken":655,"minecraft:walk_one_cm":58907,"minecraft:mob_kills":2,"minecraft:drop":7,"minecraft:dexterity":0,"minecraft:intelligence":2,"minecraft:damage_dealt":1499,"minecraft:health":70,"minecraft:move_speed":0,"minecraft:interact_with_crafting_table":1,"minecraft:interact_with_cartography_table":1,"minecraft:fly_one_cm":502715,"minecraft:open_chest":3,"minecraft:crouch_one_cm":1905,"minecraft:play_time":99517,"minecraft:sneak_time":2056,"minecraft:walk_under_water_one_cm":1420,"minecraft:jump":459,"minecraft:energy":50,"minecraft:walk_on_water_one_cm":84,"minecraft:leave_game":6,"minecraft:time_since_death":99517,"minecraft:strength":0,"minecraft:climb_one_cm":1317,"minecraft:total_world_time":99517,"minecraft:fall_one_cm":17120,"minecraft:mana":70},"minecraft:dropped":{"minecraft:porkchop":1,"minecraft:wheat_seeds":1,"mmorpg:rare_mats/mining/lesser":1,"minecraft:oak_log":2,"enemyexpansion:crawler_spawn_egg":1,"relda:norman_gear_helmet":1},"minecraft:killed":{"roost:roost_rider":1,"minecraft:spider":1},"minecraft:crafted":{"minecraft:oak_planks":12,"minecraft:crafting_table":1,"minecraft:stick":4,"minecraft:wooden_pickaxe":1},"minecraft:picked_up":{"minecraft:iron_chestplate":1,"minecraft:porkchop":3,"minecraft:oak_log":2,"roost:roost_shank":1,"minecraft:dirt":13,"minecraft:oak_wood":3,"roost:roost_feather":2,"minecraft:wheat_seeds":2,"mmorpg:rare_mats/mining/lesser":1,"minecraft:mangrove_roots":1,"minecraft:emerald":1,"minecraft:cobblestone":8},"minecraft:used":{"minecraft:wooden_pickaxe":29,"minecraft:iron_sword":2,"enemyexpansion:crawler_spawn_egg":1,"minecraft:dirt":4,"minecraft:bow":4,"minecraft:crafting_table":1,"minecraft:mangrove_roots":1},"minecraft:mined":{"minecraft:large_fern":1,"minecraft:mangrove_roots":1,"minecraft:grass":12,"minecraft:oak_wood":4,"minecraft:grass_block":7,"minecraft:dirt":6,"minecraft:stone":8,"minecraft:spruce_leaves":1}},"DataVersion":3465}