{"stats":{"minecraft:picked_up":{"minecraft:oak_log":2,"roost:roost_shank":1,"minecraft:dirt":3,"roost:roost_feather":2,"minecraft:wheat_seeds":1,"minecraft:mangrove_roots":1,"minecraft:emerald":1},"minecraft:killed":{"roost:roost_rider":1,"minecraft:spider":1},"minecraft:used":{"enemyexpansion:crawler_spawn_egg":1,"minecraft:dirt":3,"minecraft:mangrove_roots":1},"minecraft:dropped":{"minecraft:wheat_seeds":1,"minecraft:oak_log":2,"enemyexpansion:crawler_spawn_egg":1,"relda:norman_gear_helmet":1},"minecraft:custom":{"minecraft:time_since_rest":47604,"minecraft:blood":0,"minecraft:magic_shield":0,"minecraft:sprint_one_cm":16568,"minecraft:damage_taken":99,"minecraft:walk_one_cm":28232,"minecraft:mob_kills":2,"minecraft:drop":5,"minecraft:dexterity":0,"minecraft:intelligence":2,"minecraft:damage_dealt":910,"minecraft:health":70,"minecraft:move_speed":0,"minecraft:interact_with_cartography_table":1,"minecraft:fly_one_cm":339641,"minecraft:open_chest":3,"minecraft:crouch_one_cm":745,"minecraft:play_time":47604,"minecraft:sneak_time":1101,"minecraft:walk_under_water_one_cm":1420,"minecraft:jump":146,"minecraft:energy":50,"minecraft:walk_on_water_one_cm":84,"minecraft:leave_game":4,"minecraft:time_since_death":47604,"minecraft:strength":0,"minecraft:climb_one_cm":315,"minecraft:total_world_time":47604,"minecraft:fall_one_cm":4259,"minecraft:mana":70},"minecraft:mined":{"minecraft:large_fern":1,"minecraft:mangrove_roots":1,"minecraft:grass":3,"minecraft:grass_block":3,"minecraft:spruce_leaves":1}},"DataVersion":3465}